Tarih;Saat;Enlem(N);Boylam(E);Derinlik(km);MD;ML;Mw;Yer;Çözüm Niteliği
2024.12.07;13:14:06;37.4270;27.0533;10.9;-.-;1.7;-.-;EGE DENIZI;İlksel
2024.12.07;13:12:04;40.1733;31.7295;5.0;-.-;2.2;-.-;SEKLI-BEYPAZARI (ANKARA);İlksel
2024.12.07;13:02:39;38.1080;36.5522;5.7;-.-;2.0;-.-;CAMDERE-GOKSUN (KAHRAMANMARAS);İlksel
2024.12.07;12:57:26;39.4777;28.1512;8.3;-.-;1.9;-.-;ISKELE-BIGADIC (BALIKESIR);İlksel
2024.12.07;12:52:40;34.9140;25.3157;5.0;-.-;2.9;-.-;GIRIT ADASI (AKDENIZ);İlksel
2024.12.07;12:35:41;37.9513;27.5342;6.8;-.-;1.7;-.-;DAGYENI-GERMENCIK (AYDIN);İlksel
2024.12.07;12:32:27;39.5473;25.8892;10.4;-.-;3.1;3.0;GULPINAR ACIKLARI-CANAKKALE (EGE DENIZI);İlksel
2024.12.07;11:11:47;37.5657;35.7457;5.0;-.-;1.9;-.-;BAGOZU-KOZAN (ADANA);İlksel
2024.12.07;11:07:13;38.7760;25.9185;5.9;-.-;2.4;-.-;EGE DENIZI;İlksel
2024.12.07;10:56:00;37.0638;29.5447;5.1;-.-;1.6;-.-;EVCILER-GOLHISAR (BURDUR);İlksel
2024.12.07;10:46:34;36.9518;31.0548;28.4;-.-;1.8;-.-;BURMAHANCI-SERIK (ANTALYA);İlksel
2024.12.07;10:39:56;38.2807;37.7815;7.9;-.-;2.1;-.-;CEVIRME-AKCADAG (MALATYA);İlksel
2024.12.07;10:08:08;37.0423;36.0490;9.6;-.-;1.9;-.-;LALEGOLU-TOPRAKKALE (OSMANIYE);İlksel
2024.12.07;09:58:00;40.0077;39.1842;7.7;-.-;2.1;-.-;GURLEYIK-KELKIT (GUMUSHANE);İlksel
2024.12.07;09:39:44;39.6532;39.5383;4.4;-.-;2.2;-.-;YAYLABASI-(ERZINCAN);İlksel
2024.12.07;08:05:01;38.7882;31.2338;5.0;-.-;1.6;-.-;BUYUKKARABAG-BOLVADIN (AFYONKARAHISAR);İlksel
2024.12.07;07:38:16;39.6737;39.5298;5.5;-.-;2.4;-.-;CATALOREN-(ERZINCAN);İlksel
2024.12.07;07:16:49;37.9243;34.0095;5.8;-.-;2.3;-.-;BELKAYA-EREGLI (KONYA);İlksel
2024.12.07;07:01:15;38.1512;36.8672;5.0;-.-;1.7;-.-;ESENCE-AFSIN (KAHRAMANMARAS);İlksel
2024.12.07;06:40:53;37.9998;37.4110;5.4;-.-;1.5;-.-;NURHAK (KAHRAMANMARAS);İlksel
2024.12.07;06:37:58;37.9528;37.5102;19.1;-.-;1.1;-.-;KULLAR-NURHAK (KAHRAMANMARAS);İlksel
2024.12.07;05:58:01;36.3538;22.8758;23.0;-.-;3.8;3.9;YUNANISTAN;İlksel
2024.12.07;05:52:17;38.2675;37.7730;15.0;-.-;0.9;-.-;CEVIRME-AKCADAG (MALATYA);İlksel
2024.12.07;05:44:24;36.9453;27.1033;5.0;-.-;2.0;-.-;ONIKI ADALAR (AKDENIZ);İlksel
2024.12.07;05:39:21;39.6810;26.3830;6.6;-.-;1.4;-.-;BAHCELI-EZINE (CANAKKALE);İlksel
2024.12.07;05:14:09;40.1993;31.7832;9.7;-.-;1.7;-.-;HIRKATEPE-BEYPAZARI (ANKARA);İlksel
2024.12.07;04:22:53;38.1637;38.5038;6.9;-.-;1.8;-.-;ULUKOY-(MALATYA);İlksel
2024.12.07;04:17:52;38.3168;31.7780;14.5;-.-;1.4;-.-;BOGAZKENT-ILGIN (KONYA);İlksel
2024.12.07;02:57:05;38.3718;37.6247;7.2;-.-;1.4;-.-;YUKARIULUPINAR-DARENDE (MALATYA);İlksel
2024.12.07;02:47:42;38.8257;38.8423;10.5;-.-;1.7;-.-;TASKESEN-KEBAN (ELAZIG);İlksel
2024.12.07;02:47:03;37.9785;36.3537;23.9;-.-;1.2;-.-;HUGTAS-GOKSUN (KAHRAMANMARAS);İlksel
2024.12.07;02:41:02;38.2790;31.7563;18.2;-.-;1.2;-.-;ARGITHANI-ILGIN (KONYA);İlksel
2024.12.07;02:09:46;38.0042;36.3810;5.0;-.-;1.5;-.-;HUGTAS-GOKSUN (KAHRAMANMARAS);İlksel
2024.12.07;01:45:08;40.0703;42.9405;4.9;-.-;1.6;-.-;KULOGLU-KAGIZMAN (KARS);İlksel
2024.12.07;01:32:00;36.2247;36.1692;23.6;-.-;1.8;-.-;KUCUKDALYAN-(HATAY);İlksel
2024.12.07;00:37:24;36.9855;26.9113;7.1;-.-;2.0;-.-;ONIKI ADALAR (AKDENIZ);İlksel
2024.12.07;00:30:33;37.0907;28.3902;4.2;-.-;1.6;-.-;KIZILAGAC-ULA (MUGLA);İlksel
2024.12.06;23:54:56;38.2900;37.7515;7.2;-.-;1.3;-.-;CEVIRME-AKCADAG (MALATYA);İlksel
2024.12.06;22:56:37;35.5245;32.5088;49.9;-.-;2.4;-.-;AKDENIZ;İlksel
2024.12.06;22:09:20;40.6652;27.4722;4.5;-.-;2.1;-.-;GUZELKOY ACIKLARI-TEKIRDAG (MARMARA DENIZI);İlksel
2024.12.06;21:43:15;36.7663;34.3595;9.9;-.-;2.1;-.-;KARAYAKUP-ERDEMLI (MERSIN);İlksel
2024.12.06;21:31:23;38.4693;39.2440;7.2;-.-;2.0;-.-;ALINCIK-SIVRICE (ELAZIG);İlksel
2024.12.06;21:19:42;39.6813;39.5238;5.0;-.-;3.2;3.3;GULLUCE-(ERZINCAN);İlksel
2024.12.06;20:56:24;38.6753;38.2773;4.3;-.-;1.4;-.-;BOZBURUN-ARGUVAN (MALATYA);İlksel
2024.12.06;19:52:46;38.6333;42.9758;5.0;-.-;2.6;-.-;VAN GOLU;İlksel
2024.12.06;19:45:48;38.1992;38.6267;2.5;-.-;2.0;-.-;SOGUTLU-PUTURGE (MALATYA);İlksel
2024.12.06;19:41:13;40.1865;23.3867;20.0;-.-;2.5;-.-;YUNANISTAN;İlksel
2024.12.06;17:50:37;40.2865;27.0023;13.7;-.-;3.0;-.-;GURGENDERE-BIGA (CANAKKALE);İlksel
2024.12.06;17:25:06;37.7692;29.3660;5.5;-.-;2.4;-.-;AYDINLAR-HONAZ (DENIZLI);İlksel
2024.12.06;16:37:37;35.7960;31.2830;5.0;-.-;2.6;-.-;AKDENIZ;İlksel
2024.12.06;16:28:57;36.9125;26.8173;6.0;-.-;2.4;-.-;ONIKI ADALAR (AKDENIZ);İlksel
2024.12.06;16:16:24;35.5293;26.7468;13.5;-.-;3.2;-.-;AKDENIZ;İlksel
2024.12.06;15:40:22;37.4917;42.4950;5.0;-.-;1.8;-.-;YOGURTCULAR-(SIRNAK);İlksel
2024.12.06;14:26:03;38.1823;38.5400;8.4;-.-;2.0;-.-;ULUKOY-(MALATYA);İlksel
2024.12.06;14:24:08;37.9088;28.7738;14.9;-.-;1.9;-.-;TEKKEKOY-SARAYKOY (DENIZLI);İlksel
2024.12.06;14:11:15;39.4543;34.0700;10.0;-.-;1.1;-.-;ALISAR-AKPINAR (KIRSEHIR);İlksel
2024.12.06;14:09:04;38.6638;42.9588;8.6;-.-;2.5;-.-;VAN GOLU;İlksel
2024.12.06;14:00:27;38.6110;30.8152;2.5;-.-;1.5;-.-;GOZSUZLU-(AFYONKARAHISAR);İlksel
2024.12.06;13:38:24;38.6497;43.0235;5.0;-.-;2.6;-.-;VAN GOLU;İlksel
2024.12.06;13:37:25;35.4842;26.8153;18.3;-.-;2.9;-.-;GIRIT ADASI (AKDENIZ);İlksel
2024.12.06;13:01:29;39.3215;29.3353;0.0;-.-;1.5;-.-;BAHATLAR-EMET (KUTAHYA);İlksel
2024.12.06;12:15:18;36.3002;34.3635;20.0;-.-;1.5;-.-;AKDENIZ;İlksel
2024.12.06;12:03:25;37.4967;40.3038;6.9;-.-;1.7;-.-;ARISU-MAZIDAGI (MARDIN);İlksel
2024.12.06;12:02:48;38.2510;37.4367;8.1;-.-;1.8;-.-;IKIZPINAR-ELBISTAN (KAHRAMANMARAS);İlksel
2024.12.06;11:51:19;42.5425;34.7082;1.7;-.-;2.4;-.-;SINOP ACIKLARI (KARADENIZ);İlksel
2024.12.06;11:31:12;36.9373;26.8777;5.4;-.-;2.6;-.-;ONIKI ADALAR (AKDENIZ);İlksel
2024.12.06;11:23:54;37.1528;27.8280;8.1;-.-;2.1;-.-;KARACAHISAR-MILAS (MUGLA);İlksel
2024.12.06;10:39:19;36.8708;26.8635;8.2;-.-;2.9;-.-;ONIKI ADALAR (AKDENIZ);İlksel
2024.12.06;10:38:19;36.9338;26.9768;30.9;-.-;2.2;-.-;ONIKI ADALAR (AKDENIZ);İlksel
2024.12.06;10:15:56;39.2997;41.1427;10.6;-.-;1.8;-.-;ALABALIK-VARTO (MUS);İlksel
2024.12.06;09:58:37;36.9963;26.9000;9.7;-.-;2.2;-.-;ONIKI ADALAR (AKDENIZ);İlksel
2024.12.06;09:35:41;37.1483;28.4333;23.7;-.-;1.7;-.-;YENIKOY-(MUGLA);İlksel
2024.12.06;08:21:49;36.3827;27.1057;105.5;-.-;3.4;3.4;ONIKI ADALAR (AKDENIZ);İlksel
2024.12.06;08:13:15;38.0645;37.7602;8.0;-.-;2.1;-.-;SOGUT-DOGANSEHIR (MALATYA);İlksel
2024.12.06;07:22:52;35.8530;31.7930;23.4;-.-;3.2;2.9;AKDENIZ;İlksel
2024.12.06;06:43:17;38.0597;37.2375;8.0;-.-;1.6;-.-;EKINOZU (KAHRAMANMARAS);İlksel
2024.12.06;06:04:11;39.6898;26.3740;5.4;-.-;1.7;-.-;BOZELI-EZINE (CANAKKALE);İlksel
2024.12.06;04:51:43;39.4375;38.6387;7.9;-.-;1.5;-.-;DOGANKOY-ILIC (ERZINCAN);İlksel
2024.12.06;04:47:11;39.1803;23.7660;13.3;-.-;3.1;-.-;YUNANISTAN;İlksel
2024.12.06;04:18:40;39.6807;26.3723;14.3;-.-;1.4;-.-;BAHCELI-EZINE (CANAKKALE);İlksel
2024.12.06;02:25:23;40.2882;26.9972;7.9;-.-;2.4;-.-;GURGENDERE-BIGA (CANAKKALE);İlksel
2024.12.06;01:37:20;39.6908;26.3565;13.0;-.-;1.4;-.-;BOZELI-EZINE (CANAKKALE);İlksel
2024.12.06;01:30:22;38.1417;37.8058;5.4;-.-;1.7;-.-;FINDIKKOY-DOGANSEHIR (MALATYA);İlksel
2024.12.06;01:27:15;38.1087;37.1425;12.4;-.-;1.4;-.-;GUPLUCE-ELBISTAN (KAHRAMANMARAS);İlksel
2024.12.06;00:54:52;38.5433;40.1948;3.7;-.-;1.8;-.-;BOZCAVUS-ARICAK (ELAZIG);İlksel
2024.12.06;00:54:16;38.5553;40.2123;16.9;-.-;2.1;-.-;GORUNDU-ARICAK (ELAZIG);İlksel
2024.12.06;00:12:26;40.5993;34.8337;9.5;-.-;1.7;-.-;CANAKCI-(CORUM);İlksel
2024.12.05;23:53:04;34.6162;33.9430;26.2;-.-;4.3;-.-;AKDENIZ;İlksel
2024.12.05;23:42:45;37.0520;35.4027;22.9;-.-;0.9;-.-;BOYNUYOGUN-SARICAM (ADANA);İlksel
2024.12.05;23:17:52;38.5487;40.4028;5.0;-.-;3.4;3.4;SENLIK-LICE (DIYARBAKIR);İlksel
2024.12.05;22:37:57;37.4757;37.0413;5.4;-.-;1.9;-.-;KAPICAM-(KAHRAMANMARAS);İlksel
2024.12.05;21:55:28;40.6590;42.8385;5.0;-.-;2.9;-.-;YAYLACIK-SELIM (KARS);İlksel
2024.12.05;21:15:39;40.2915;26.9970;12.0;-.-;3.2;-.-;GURGENDERE-BIGA (CANAKKALE);İlksel
2024.12.05;20:51:47;38.6637;43.1608;6.8;-.-;2.2;-.-;MOLLAKASIM-(VAN);İlksel
2024.12.05;20:06:25;39.4982;32.9280;4.7;-.-;1.6;-.-;KOCYAYLA-BALA (ANKARA);İlksel
2024.12.05;20:03:01;40.2057;31.7990;6.2;-.-;1.7;-.-;KAPLAN-BEYPAZARI (ANKARA);İlksel
2024.12.05;18:46:02;37.6483;35.8620;9.5;-.-;1.5;-.-;CAMDERE-KOZAN (ADANA);İlksel
2024.12.05;18:42:04;39.6803;27.8568;10.4;-.-;1.9;-.-;KABAKDERE-(BALIKESIR);İlksel
2024.12.05;18:00:30;39.6908;26.3942;12.0;-.-;1.7;-.-;BAHCELI-EZINE (CANAKKALE);İlksel
2024.12.05;17:44:19;39.6625;28.4537;4.8;-.-;1.8;-.-;KARAKAYA-DURSUNBEY (BALIKESIR);İlksel
2024.12.05;14:56:31;37.0877;29.2403;14.0;-.-;1.4;-.-;KOCAOVA-CAMELI (DENIZLI);İlksel
2024.12.05;14:16:12;38.7843;25.8628;1.6;-.-;2.8;-.-;EGE DENIZI;İlksel
2024.12.05;14:13:29;38.7777;25.8555;18.5;-.-;2.1;-.-;EGE DENIZI;İlksel
2024.12.05;13:45:59;35.9405;31.2773;16.8;-.-;1.9;-.-;AKDENIZ;İlksel
2024.12.05;13:14:37;39.4697;33.4962;6.2;-.-;1.8;-.-;CELEBI (KIRIKKALE);İlksel
2024.12.05;12:57:09;37.1755;35.7093;27.3;-.-;1.3;-.-;SAGKAYA-CEYHAN (ADANA);İlksel
2024.12.05;12:52:39;39.6162;29.3777;0.0;-.-;1.6;-.-;YENIKOY-TAVSANLI (KUTAHYA);İlksel
2024.12.05;12:47:09;39.4950;29.1900;0.0;-.-;1.8;-.-;KIZILBUK-TAVSANLI (KUTAHYA);İlksel
2024.12.05;12:42:34;39.2295;29.2452;0.0;-.-;1.2;-.-;ASAGIYONCAAGAC-HISARCIK (KUTAHYA);İlksel
2024.12.05;12:41:28;39.2342;29.2557;0.0;-.-;1.4;-.-;ASAGIYONCAAGAC-HISARCIK (KUTAHYA);İlksel
2024.12.05;12:37:45;37.1483;34.1707;19.6;-.-;1.4;-.-;BERENDI-AYRANCI (KARAMAN);İlksel
2024.12.05;11:35:22;38.2363;37.3205;6.9;-.-;1.7;-.-;DEMIRCILIK-ELBISTAN (KAHRAMANMARAS);İlksel
2024.12.05;11:19:45;38.2485;38.5962;5.5;-.-;1.9;-.-;PELITLI-(MALATYA);İlksel
2024.12.05;11:05:25;36.1395;36.0770;6.3;-.-;2.2;-.-;KARACAY-SAMANDAG (HATAY);İlksel
2024.12.05;10:26:07;40.2097;31.7812;8.2;-.-;2.2;-.-;KOZAGAC-BEYPAZARI (ANKARA);İlksel
2024.12.05;09:35:59;39.1408;27.5598;0.0;-.-;1.7;-.-;AVDAN-SOMA (MANISA);İlksel
2024.12.05;09:08:03;35.8423;31.6527;30.1;-.-;3.3;3.2;AKDENIZ;REVIZE01   (2024.12.05 09:08:01)
2024.12.05;09:01:19;38.2588;38.7540;21.3;-.-;1.7;-.-;BALPINARI-PUTURGE (MALATYA);İlksel
2024.12.05;08:28:57;35.8973;31.8455;28.0;-.-;2.2;-.-;AKDENIZ;İlksel
2024.12.05;08:23:23;35.9560;31.7938;30.0;-.-;2.6;-.-;AKDENIZ;İlksel
2024.12.05;08:15:37;35.1797;33.2998;1.9;-.-;1.5;-.-;KIBRIS-LEFKOSA;İlksel
2024.12.05;07:50:17;37.1352;27.7625;10.7;-.-;1.8;-.-;SOGUTCUK-MILAS (MUGLA);İlksel
2024.12.05;07:23:57;39.2993;36.3813;5.7;-.-;1.5;-.-;GUMUSTEPE-SARKISLA (SIVAS);İlksel
2024.12.05;06:49:03;38.0647;37.6873;11.0;-.-;1.6;-.-;BEGRE-DOGANSEHIR (MALATYA);İlksel
2024.12.05;05:58:33;40.4798;26.4288;5.9;-.-;2.3;-.-;SAROS KORFEZI (EGE DENIZI);İlksel
2024.12.05;04:43:34;38.7653;25.7788;8.9;-.-;2.0;-.-;EGE DENIZI;İlksel
2024.12.05;04:07:04;38.9293;27.6855;21.8;-.-;1.4;-.-;BALLICA-AKHISAR (MANISA);İlksel
2024.12.05;03:33:12;37.8730;36.1087;1.3;-.-;2.3;-.-;YARDIBI-SAIMBEYLI (ADANA);İlksel
2024.12.05;02:49:46;40.2332;35.8148;7.6;-.-;1.1;-.-;OSMANPINARI-ZILE (TOKAT);İlksel
2024.12.05;02:36:28;36.5920;36.5040;14.0;-.-;1.6;-.-;YALANGOZ-KIRIKHAN (HATAY);İlksel
2024.12.05;01:22:54;36.2782;36.3792;5.0;-.-;1.1;-.-;VARISLI-REYHANLI (HATAY);İlksel
2024.12.05;01:19:34;35.9672;30.8230;5.0;-.-;1.9;-.-;AKDENIZ;İlksel
2024.12.04;23:45:02;39.3167;27.5302;9.3;-.-;2.2;-.-;VAKIFLI-SOMA (MANISA);İlksel
2024.12.04;22:43:05;37.4328;37.0085;2.0;-.-;1.2;-.-;SIVRICEHUYUK-(KAHRAMANMARAS);İlksel
2024.12.04;20:48:11;40.3668;24.1333;11.6;-.-;1.6;-.-;YUNANISTAN;İlksel
2024.12.04;20:33:34;36.9602;28.8717;3.1;-.-;1.7;-.-;SAZAK-KOYCEGIZ (MUGLA);İlksel
2024.12.04;20:26:23;40.2002;31.7283;5.0;-.-;2.0;-.-;SEKLI-BEYPAZARI (ANKARA);İlksel
2024.12.04;20:07:39;37.1312;27.7422;2.0;-.-;1.9;-.-;KISIRLAR-MILAS (MUGLA);İlksel
2024.12.04;19:24:59;38.5297;39.3223;12.5;-.-;1.5;-.-;ACIPAYAM-(ELAZIG);İlksel
2024.12.04;18:55:52;40.8005;33.6402;6.3;-.-;1.6;-.-;KIYISIN-ILGAZ (CANKIRI);İlksel
2024.12.04;18:38:48;36.4200;27.8665;28.0;-.-;1.9;-.-;AKDENIZ;İlksel
2024.12.04;16:48:34;38.6313;30.6572;4.3;-.-;1.7;-.-;EFE-SUHUT (AFYONKARAHISAR);İlksel
2024.12.04;16:42:07;37.1368;27.7765;5.3;-.-;2.1;-.-;SOGUTCUK-MILAS (MUGLA);İlksel
2024.12.04;16:28:46;35.7808;31.7047;9.4;-.-;2.3;-.-;AKDENIZ;İlksel
2024.12.04;16:05:40;38.9273;27.7412;11.1;-.-;1.9;-.-;HAMIDIYE-AKHISAR (MANISA);İlksel
2024.12.04;15:05:18;40.2742;25.8325;7.5;-.-;1.7;-.-;KALEKOY-GOKCEADA (CANAKKALE);İlksel
2024.12.04;14:47:48;37.0797;28.5407;12.3;-.-;2.0;-.-;KIYRA-ULA (MUGLA);İlksel
2024.12.04;14:13:50;38.3598;38.8157;20.2;-.-;1.8;-.-;AKUSAGI-KALE (MALATYA);İlksel
2024.12.04;13:42:22;35.8853;31.9230;28.2;-.-;1.9;-.-;AKDENIZ;İlksel
2024.12.04;13:27:22;36.3692;28.8880;10.1;-.-;2.0;-.-;OLUDENIZ ACIKLARI-MUGLA (AKDENIZ);İlksel
2024.12.04;13:02:23;37.8987;26.9688;5.5;-.-;2.0;-.-;KUSADASI KORFEZI (EGE DENIZI);İlksel
2024.12.04;12:24:02;36.4622;28.5732;13.3;-.-;1.7;-.-;AKDENIZ;İlksel
2024.12.04;12:12:58;37.8953;26.7762;5.7;-.-;2.2;-.-;EGE DENIZI;İlksel
2024.12.04;12:09:08;35.8528;31.6788;26.1;-.-;4.9;4.7;AKDENIZ;REVIZE02   (2024.12.04 12:09:06)
2024.12.04;11:54:20;37.6178;29.8730;3.4;-.-;1.7;-.-;HARMANLI-YESILOVA (BURDUR);İlksel
2024.12.04;10:35:47;36.9997;28.9228;9.8;-.-;2.3;-.-;SAZAK-KOYCEGIZ (MUGLA);İlksel
2024.12.04;09:40:57;38.2628;38.0080;4.9;-.-;2.1;-.-;KOMEKAVAK-AKCADAG (MALATYA);İlksel
2024.12.04;08:25:54;38.2395;38.7625;5.0;-.-;1.9;-.-;ORMANICI-PUTURGE (MALATYA);İlksel
2024.12.04;06:41:25;38.2652;38.2815;9.6;-.-;2.0;-.-;GUNDUZBEY-YESILYURT (MALATYA);İlksel
2024.12.04;06:35:48;37.7140;38.7060;18.0;-.-;1.9;-.-;YESILKAYA-KAHTA (ADIYAMAN);İlksel
2024.12.04;06:28:37;38.2250;38.6912;5.0;-.-;2.4;-.-;KOKPINAR-PUTURGE (MALATYA);İlksel
2024.12.04;06:10:04;38.6772;30.6480;2.6;-.-;1.4;-.-;KARAARSLAN-(AFYONKARAHISAR);İlksel
2024.12.04;05:50:54;40.2680;31.7965;14.7;-.-;1.6;-.-;NUHHOCA-BEYPAZARI (ANKARA);İlksel
2024.12.04;05:45:09;38.2047;38.5778;7.3;-.-;1.9;-.-;SOGUTLU-PUTURGE (MALATYA);İlksel
2024.12.04;05:42:06;38.6522;30.6363;5.4;-.-;2.1;-.-;NURIBEY-(AFYONKARAHISAR);İlksel
2024.12.04;05:38:08;37.9655;27.1147;2.9;-.-;1.8;-.-;KUSADASI KORFEZI (EGE DENIZI);İlksel
2024.12.04;05:19:53;39.6850;26.3600;16.1;-.-;1.7;-.-;BOZELI-EZINE (CANAKKALE);İlksel
2024.12.04;05:12:49;38.1163;38.4002;5.0;-.-;1.9;-.-;KARAGOL-CELIKHAN (ADIYAMAN);İlksel
2024.12.04;05:11:36;36.5915;35.7562;5.0;-.-;1.6;-.-;ISKENDERUN KORFEZI (AKDENIZ);İlksel
2024.12.04;05:03:45;37.2812;37.0172;6.2;-.-;1.7;-.-;AKDEMIR-PAZARCIK (KAHRAMANMARAS);İlksel
2024.12.04;04:58:26;39.9947;28.6467;4.5;-.-;1.4;-.-;SEHRIMAN-MUSTAFAKEMALPASA (BURSA);İlksel
2024.12.04;04:45:51;37.9985;36.3623;14.4;-.-;1.3;-.-;HUGTAS-GOKSUN (KAHRAMANMARAS);İlksel
2024.12.04;04:28:49;38.6878;43.1603;8.0;-.-;1.5;-.-;MOLLAKASIM-(VAN);İlksel
2024.12.04;04:20:39;38.1545;38.5005;5.0;-.-;2.0;-.-;AKSU-SINCIK (ADIYAMAN);İlksel
2024.12.04;04:16:51;37.5690;35.8873;6.4;-.-;1.5;-.-;DAGLICA-KOZAN (ADANA);İlksel
2024.12.04;04:13:15;38.8065;37.3940;5.0;-.-;2.0;-.-;YUVA-GURUN (SIVAS);İlksel
2024.12.04;04:07:33;38.8968;27.7218;6.7;-.-;3.3;3.2;KAPAKLI-AKHISAR (MANISA);İlksel
2024.12.04;03:56:51;36.2133;28.2895;2.0;-.-;2.0;-.-;AKDENIZ;İlksel
2024.12.04;03:12:38;38.1453;38.5278;10.0;-.-;1.9;-.-;GECITLI-SINCIK (ADIYAMAN);İlksel
2024.12.04;02:18:50;39.7507;38.8892;9.6;-.-;1.6;-.-;YAZIGEDIGI-REFAHIYE (ERZINCAN);İlksel
2024.12.04;01:41:26;36.8433;28.1795;72.4;-.-;3.5;-.-;HISARONU-MARMARIS (MUGLA);İlksel
2024.12.04;01:20:17;37.2947;35.7277;1.0;-.-;2.6;-.-;AYVALI-IMAMOGLU (ADANA);İlksel
2024.12.04;00:43:20;37.2798;36.8025;4.1;-.-;2.0;-.-;BEYOGLU-TURKOGLU (KAHRAMANMARAS);İlksel
2024.12.03;23:18:47;37.9410;26.1398;21.4;-.-;1.4;-.-;EGE DENIZI;İlksel
2024.12.03;23:11:51;40.2685;23.3320;5.0;-.-;2.5;-.-;YUNANISTAN;İlksel
2024.12.03;23:11:01;40.1753;23.2383;5.0;-.-;2.6;-.-;YUNANISTAN;İlksel
2024.12.03;22:42:40;38.7647;25.9295;12.1;-.-;2.7;-.-;EGE DENIZI;İlksel
2024.12.03;22:09:12;36.9730;31.8902;5.0;-.-;2.7;-.-;CANAKPINAR-AKSEKI (ANTALYA);İlksel
2024.12.03;21:46:52;38.5940;26.4440;9.9;-.-;2.2;-.-;YAYLAKOY-KARABURUN (IZMIR);İlksel
2024.12.03;21:46:05;36.0528;29.0297;5.0;-.-;1.4;-.-;AKDENIZ;İlksel
2024.12.03;21:41:59;38.2873;37.0505;2.0;-.-;1.5;-.-;KUSKAYASI-AFSIN (KAHRAMANMARAS);İlksel
2024.12.03;21:41:44;37.9030;27.5680;5.3;-.-;1.7;-.-;ABDURRAHMANLAR-GERMENCIK (AYDIN);İlksel
2024.12.03;21:30:38;38.1513;36.6188;5.0;-.-;1.4;-.-;YENIYAPAN-GOKSUN (KAHRAMANMARAS);İlksel
2024.12.03;21:22:37;37.8650;36.1337;5.0;-.-;1.9;-.-;DEGIRMENCIUSAGI-SAIMBEYLI (ADANA);İlksel
2024.12.03;21:07:11;38.1082;36.5380;5.2;-.-;2.5;-.-;CAMDERE-GOKSUN (KAHRAMANMARAS);İlksel
2024.12.03;20:36:44;38.4923;39.0998;18.8;-.-;1.4;-.-;MOLLAALI-SIVRICE (ELAZIG);İlksel
2024.12.03;20:32:51;40.0037;41.2835;7.4;-.-;1.8;-.-;YAKUTIYE (ERZURUM);İlksel
2024.12.03;20:22:23;40.8272;33.7020;5.0;-.-;1.6;-.-;ILISILIK-ILGAZ (CANKIRI);İlksel
2024.12.03;20:16:05;39.1243;40.1585;2.2;-.-;2.0;-.-;CITAK-KARAKOCAN (ELAZIG);İlksel
2024.12.03;20:11:46;37.9047;27.5612;8.1;-.-;1.6;-.-;ABDURRAHMANLAR-GERMENCIK (AYDIN);İlksel
2024.12.03;20:01:43;37.9005;27.5608;3.7;-.-;2.1;-.-;ABDURRAHMANLAR-GERMENCIK (AYDIN);İlksel
2024.12.03;19:52:44;37.8753;27.6212;11.6;-.-;2.2;-.-;GERMENCIK (AYDIN);İlksel
2024.12.03;19:51:27;37.8743;27.5878;5.0;-.-;3.9;3.9;GERMENCIK (AYDIN);İlksel
2024.12.03;19:46:26;37.8895;27.5923;9.8;-.-;1.6;-.-;HIDIRBEYLI-GERMENCIK (AYDIN);İlksel
2024.12.03;19:23:41;37.8822;27.5775;7.8;-.-;2.7;-.-;HIDIRBEYLI-GERMENCIK (AYDIN);İlksel
2024.12.03;19:06:19;38.5543;39.1887;14.0;-.-;1.8;-.-;BALLICA-(ELAZIG);İlksel
2024.12.03;19:03:04;35.0743;27.8598;12.5;-.-;2.5;-.-;AKDENIZ;İlksel
2024.12.03;18:50:42;38.3277;37.0565;7.7;-.-;1.7;-.-;COGULHAN-AFSIN (KAHRAMANMARAS);İlksel
2024.12.03;18:15:34;37.8378;37.9232;9.2;-.-;1.6;-.-;TUT (ADIYAMAN);İlksel
2024.12.03;17:46:56;40.7390;32.8630;6.2;-.-;2.3;-.-;YAKUPLAR-CERKES (CANKIRI);İlksel
2024.12.03;17:24:21;38.0865;37.6563;7.5;-.-;1.5;-.-;BEGRE-DOGANSEHIR (MALATYA);İlksel
2024.12.03;16:59:38;38.4643;39.2368;7.4;-.-;2.7;-.-;ALINCIK-SIVRICE (ELAZIG);İlksel
2024.12.03;16:51:12;39.8440;40.9060;5.4;-.-;1.5;-.-;BAGIRSAK-ASKALE (ERZURUM);İlksel
2024.12.03;16:12:13;38.0992;37.8390;5.4;-.-;2.3;-.-;TOPRAKTEPE-DOGANSEHIR (MALATYA);İlksel
2024.12.03;16:03:10;38.0035;37.4628;8.9;-.-;1.9;-.-;NURHAK (KAHRAMANMARAS);İlksel
2024.12.03;14:13:00;40.4107;28.6905;12.7;-.-;3.7;-.-;YALICIFTLIK-MUDANYA (BURSA);İlksel
2024.12.03;13:50:06;37.6398;29.9018;5.0;-.-;2.4;-.-;BUYUKYAKA-YESILOVA (BURDUR);İlksel
2024.12.03;13:23:49;36.8557;34.6772;5.0;-.-;1.8;-.-;IGDIR-AKDENIZ (MERSIN);İlksel
2024.12.03;13:19:15;38.9777;43.8038;48.4;-.-;2.0;-.-;YAKINCAK-MURADIYE (VAN);İlksel
2024.12.03;13:10:16;36.1252;33.5293;0.0;-.-;0.9;-.-;YANISLI-GULNAR (MERSIN);İlksel
2024.12.03;12:55:13;38.4407;38.9760;3.5;-.-;1.5;-.-;YARUSAGI-SIVRICE (ELAZIG);İlksel
2024.12.03;12:51:56;38.0608;38.0777;25.0;-.-;1.7;-.-;GUZELKOY-DOGANSEHIR (MALATYA);İlksel
2024.12.03;12:48:37;38.9563;27.1005;13.2;-.-;1.7;-.-;BOZYERLER-BERGAMA (IZMIR);İlksel
2024.12.03;12:47:29;38.8705;38.5548;5.0;-.-;1.0;-.-;ULACLI-ARAPGIR (MALATYA);İlksel
2024.12.03;12:34:08;37.2828;31.8815;0.0;-.-;1.5;-.-;MADENLI-SEYDISEHIR (KONYA);İlksel
2024.12.03;12:22:25;40.3217;30.0505;12.2;-.-;1.6;-.-;SELIMIYE-OSMANELI (BILECIK);İlksel
2024.12.03;12:20:46;36.9830;35.7387;5.0;-.-;1.0;-.-;AGACPINAR-CEYHAN (ADANA);İlksel
2024.12.03;11:10:53;35.4242;23.2682;20.0;-.-;1.8;-.-;GIRIT ADASI (AKDENIZ);İlksel
2024.12.03;10:21:44;38.4842;38.3520;26.7;-.-;1.1;-.-;HASIRCILAR-BATTALGAZI (MALATYA);İlksel
2024.12.03;09:39:07;39.6650;27.8090;5.4;-.-;2.5;-.-;KALAYCILAR-(BALIKESIR);İlksel
2024.12.03;09:26:26;40.1990;28.9958;5.0;-.-;1.5;-.-;NILUFER (BURSA);İlksel
2024.12.03;09:09:31;37.8360;36.1665;5.1;-.-;2.6;-.-;DEGIRMENCIUSAGI-SAIMBEYLI (ADANA);İlksel
2024.12.03;09:08:27;37.7452;36.3158;8.6;-.-;2.2;-.-;COKAK-ANDIRIN (KAHRAMANMARAS);İlksel
2024.12.03;07:56:49;37.4955;37.0275;2.9;-.-;1.5;-.-;GUZELYURT-(KAHRAMANMARAS);İlksel
2024.12.03;07:30:23;37.6200;37.3075;5.0;-.-;1.7;-.-;BUYUKNACAR-PAZARCIK (KAHRAMANMARAS);İlksel
2024.12.03;05:54:07;37.2317;28.3045;1.5;-.-;1.2;-.-;AKCAOVA-(MUGLA);İlksel
2024.12.03;05:26:52;40.7935;33.6188;2.2;-.-;1.9;-.-;AHLATKOY-(CANKIRI);İlksel
2024.12.03;05:25:21;38.0320;37.5292;1.7;-.-;1.8;-.-;TATLAR-NURHAK (KAHRAMANMARAS);İlksel
2024.12.03;04:13:51;36.0522;27.1830;6.5;-.-;2.9;-.-;AKDENIZ;İlksel
2024.12.03;03:10:25;36.4572;36.3830;2.6;-.-;2.2;-.-;KARADURMUSLU-KIRIKHAN (HATAY);İlksel
2024.12.03;02:49:55;37.8925;36.1428;9.7;-.-;1.4;-.-;EYUPLU-SAIMBEYLI (ADANA);İlksel
2024.12.03;02:46:19;37.9175;36.0528;4.8;-.-;1.4;-.-;GURLESEN-SAIMBEYLI (ADANA);İlksel
2024.12.03;02:37:12;38.3620;37.5620;5.0;-.-;1.5;-.-;YUKARIULUPINAR-DARENDE (MALATYA);İlksel
2024.12.03;01:48:18;37.8297;36.0945;4.1;-.-;1.6;-.-;HIMMETLI-SAIMBEYLI (ADANA);İlksel
2024.12.03;01:39:13;37.8132;36.1100;2.4;-.-;1.9;-.-;AYVACIK-SAIMBEYLI (ADANA);İlksel
2024.12.03;01:30:31;37.8510;36.1375;6.6;-.-;1.8;-.-;DEGIRMENCIUSAGI-SAIMBEYLI (ADANA);İlksel
2024.12.03;00:56:01;40.4302;28.9113;4.7;-.-;1.3;-.-;GEMLIK KORFEZI (MARMARA DENIZI);İlksel
2024.12.03;00:36:41;37.8320;36.1533;5.4;-.-;2.0;-.-;DEGIRMENCIUSAGI-SAIMBEYLI (ADANA);İlksel
2024.12.03;00:23:19;34.4290;33.3157;5.4;-.-;4.0;3.9;AKDENIZ;İlksel
2024.12.03;00:15:17;37.7545;35.5847;5.4;-.-;1.3;-.-;KAPIKAYA-KOZAN (ADANA);İlksel
2024.12.03;00:14:49;37.8798;27.5885;7.8;-.-;1.8;-.-;HIDIRBEYLI-GERMENCIK (AYDIN);İlksel
2024.12.03;00:11:18;37.8558;36.1157;13.5;-.-;1.2;-.-;YARDIBI-SAIMBEYLI (ADANA);İlksel
2024.12.03;00:03:51;37.8500;36.1178;3.8;-.-;2.1;-.-;YARDIBI-SAIMBEYLI (ADANA);İlksel
2024.12.03;00:02:11;37.8465;36.1583;7.7;-.-;1.8;-.-;DEGIRMENCIUSAGI-SAIMBEYLI (ADANA);İlksel
2024.12.02;23:58:04;37.8338;36.1693;7.3;-.-;1.9;-.-;KAPAKLIKUYU-SAIMBEYLI (ADANA);İlksel
2024.12.02;23:57:19;37.8777;36.1472;5.0;-.-;2.2;-.-;DEGIRMENCIUSAGI-SAIMBEYLI (ADANA);İlksel
2024.12.02;23:50:26;37.8645;36.1563;5.0;-.-;2.9;-.-;DEGIRMENCIUSAGI-SAIMBEYLI (ADANA);İlksel
2024.12.02;23:46:54;37.8605;36.1910;5.0;-.-;2.5;-.-;KARAKUYU-SAIMBEYLI (ADANA);İlksel
2024.12.02;23:25:16;37.8383;36.1913;14.8;-.-;2.4;-.-;KAPAKLIKUYU-SAIMBEYLI (ADANA);İlksel
2024.12.02;23:24:58;39.7182;38.8817;2.0;-.-;2.9;-.-;HAKBILIR-KEMAH (ERZINCAN);İlksel
2024.12.02;22:58:07;37.8603;36.1238;5.5;-.-;2.7;-.-;YARDIBI-SAIMBEYLI (ADANA);İlksel
2024.12.02;22:11:14;37.6957;27.1192;10.6;-.-;1.3;-.-;KUSADASI KORFEZI (EGE DENIZI);İlksel
2024.12.02;21:58:16;37.8678;36.6815;6.8;-.-;2.2;-.-;SAHINKAYASI-(KAHRAMANMARAS);İlksel
2024.12.02;21:41:07;38.1108;36.8080;12.0;-.-;1.6;-.-;CARDAK-GOKSUN (KAHRAMANMARAS);İlksel
2024.12.02;21:33:42;40.2078;31.7093;7.2;-.-;2.0;-.-;SEKLI-BEYPAZARI (ANKARA);İlksel
2024.12.02;21:30:38;38.5538;40.2132;7.3;-.-;2.0;-.-;GORUNDU-ARICAK (ELAZIG);İlksel
2024.12.02;21:16:55;38.2222;37.9900;6.4;-.-;1.5;-.-;DEDEKOY-AKCADAG (MALATYA);İlksel
2024.12.02;21:11:03;35.7400;25.5090;10.9;-.-;2.3;-.-;GIRIT ADASI (AKDENIZ);İlksel
2024.12.02;20:31:18;40.8152;27.9837;7.9;-.-;1.9;-.-;MARMARA EREGLISI ACIKLARI-TEKIRDAG (MARMARA D;ENIZIİlksel
2024.12.02;20:19:15;37.8620;26.9902;8.9;-.-;1.6;-.-;KUSADASI KORFEZI (EGE DENIZI);İlksel
2024.12.02;20:00:37;40.4455;28.8857;4.3;-.-;1.0;-.-;GEMLIK KORFEZI (MARMARA DENIZI);İlksel
2024.12.02;19:54:35;40.2182;24.0952;7.5;-.-;1.9;-.-;YUNANISTAN;İlksel
2024.12.02;18:19:18;35.9672;31.1067;7.3;-.-;2.0;-.-;AKDENIZ;İlksel
2024.12.02;17:51:58;36.6378;33.3677;1.9;-.-;1.8;-.-;HAMAMKOY-MUT (MERSIN);İlksel
2024.12.02;16:53:55;39.4797;28.1515;7.7;-.-;1.9;-.-;ISKELE-BIGADIC (BALIKESIR);İlksel
2024.12.02;16:52:55;39.4500;28.1105;9.3;-.-;2.0;-.-;KADIKOY-BIGADIC (BALIKESIR);İlksel
2024.12.02;16:52:20;37.6067;37.2715;14.8;-.-;2.3;-.-;BUYUKNACAR-PAZARCIK (KAHRAMANMARAS);İlksel
2024.12.02;16:35:12;39.0345;27.8442;5.3;-.-;1.7;-.-;MUSALAR-AKHISAR (MANISA);İlksel
2024.12.02;15:14:04;40.0115;37.4192;7.0;-.-;2.7;-.-;PUSAT-HAFIK (SIVAS);İlksel
2024.12.02;14:49:13;38.7193;27.9528;7.8;-.-;1.5;-.-;BEYLER-GOLMARMARA (MANISA);İlksel
2024.12.02;14:18:33;38.0220;29.0507;7.6;-.-;2.0;-.-;GOLEMEZLI-AKKOY (DENIZLI);İlksel
2024.12.02;14:01:49;37.6187;35.9090;7.3;-.-;2.2;-.-;MINNETLI-KOZAN (ADANA);İlksel
2024.12.02;13:03:25;38.2840;38.0755;0.0;-.-;1.6;-.-;KARAPINAR-AKCADAG (MALATYA);İlksel
2024.12.02;13:00:20;38.3163;38.8412;19.0;-.-;1.9;-.-;GUNDEGER-PUTURGE (MALATYA);İlksel
2024.12.02;12:53:59;37.9102;27.3463;3.3;-.-;2.4;-.-;ACARLAR-SELCUK (IZMIR);İlksel
2024.12.02;12:34:36;39.3812;40.7507;2.3;-.-;1.8;-.-;KAYNARPINAR-KARLIOVA (BINGOL);İlksel
2024.12.02;12:27:31;38.0917;33.1893;0.0;-.-;1.5;-.-;AKORENKISLA-KARATAY (KONYA);İlksel
2024.12.02;12:23:16;39.4523;34.8310;3.3;-.-;1.5;-.-;ARMAGAN-SEFAATLI (YOZGAT);İlksel
2024.12.02;10:56:11;37.3930;38.9703;5.0;-.-;1.9;-.-;KARAPINAR-HILVAN (SANLIURFA);İlksel
2024.12.02;10:42:09;37.1027;28.5067;8.2;-.-;1.8;-.-;ARMUTCUK-ULA (MUGLA);İlksel
2024.12.02;10:35:59;36.9918;28.2145;6.1;-.-;2.6;-.-;GOKOVA KORFEZI (AKDENIZ);İlksel
2024.12.02;10:35:44;38.0367;36.4063;18.0;-.-;1.6;-.-;SOGUKPINAR-GOKSUN (KAHRAMANMARAS);İlksel
2024.12.02;09:29:41;36.8440;36.4500;5.0;-.-;1.9;-.-;GAZELUSAGI-HASSA (HATAY);İlksel
2024.12.02;09:03:59;38.3483;38.8595;5.0;-.-;1.7;-.-;AKCA-KALE (MALATYA);İlksel
2024.12.02;08:34:50;36.9497;28.5558;12.0;-.-;1.8;-.-;DOGUSBELEN-KOYCEGIZ (MUGLA);İlksel
2024.12.02;08:22:22;37.8365;36.1178;5.3;-.-;2.1;-.-;DEGIRMENCIUSAGI-SAIMBEYLI (ADANA);İlksel
2024.12.02;07:38:19;40.8222;44.0247;5.0;-.-;3.4;3.4;KALKANKALE-AKYAKA (KARS);İlksel
2024.12.02;07:25:56;38.1203;38.5058;5.9;-.-;3.2;3.3;GECITLI-SINCIK (ADIYAMAN);İlksel
2024.12.02;07:11:11;37.6612;35.8722;2.3;-.-;2.0;-.-;CULLUUSAGI-KOZAN (ADANA);İlksel
2024.12.02;06:09:26;40.6597;29.1935;10.7;-.-;1.2;-.-;KORU-CINARCIK (YALOVA);İlksel
2024.12.02;04:34:59;39.7008;25.5885;8.1;-.-;3.5;3.4;EGE DENIZI;İlksel
2024.12.02;04:34:48;36.5315;36.1828;1.8;-.-;1.7;-.-;KARAPELIT-BELEN (HATAY);İlksel
2024.12.02;03:22:10;36.6207;36.3788;5.0;-.-;2.5;-.-;TASOLUK-KIRIKHAN (HATAY);İlksel
2024.12.02;02:46:40;37.8788;27.6673;12.1;-.-;1.5;-.-;OMERBEYLI-GERMENCIK (AYDIN);İlksel
2024.12.02;02:36:49;37.5708;34.3820;2.3;-.-;2.1;-.-;SEYHOMERLI-ULUKISLA (NIGDE);İlksel
2024.12.02;02:30:30;37.8558;36.2620;12.6;-.-;1.3;-.-;TOPALLAR-SAIMBEYLI (ADANA);İlksel
2024.12.02;02:17:32;37.8192;36.1887;16.7;-.-;1.3;-.-;KAPAKLIKUYU-SAIMBEYLI (ADANA);İlksel
2024.12.02;01:59:06;37.8615;27.6310;5.2;-.-;1.2;-.-;GERMENCIK (AYDIN);İlksel
2024.12.02;01:36:24;37.4998;36.7418;4.6;-.-;1.2;-.-;DADAGLI-(KAHRAMANMARAS);İlksel
2024.12.02;01:33:38;36.8262;36.4958;10.4;-.-;2.3;-.-;TIYEK-HASSA (HATAY);İlksel
2024.12.02;01:26:53;37.3065;36.0753;9.9;-.-;1.4;-.-;TOPRAKTEPE-KADIRLI (OSMANIYE);İlksel
2024.12.02;00:51:59;38.7050;27.9503;7.0;-.-;1.4;-.-;BEYLER-GOLMARMARA (MANISA);İlksel
2024.12.02;00:29:58;40.7870;27.7032;8.8;-.-;2.4;-.-;MARMARA DENIZI;İlksel
2024.12.02;00:03:58;37.6162;35.8300;5.4;-.-;1.6;-.-;CAMDERE-KOZAN (ADANA);İlksel
2024.12.02;00:03:12;37.3537;36.8933;5.7;-.-;1.4;-.-;HACIBEBEK-TURKOGLU (KAHRAMANMARAS);İlksel
2024.12.01;23:38:40;40.4298;28.8187;4.3;-.-;1.5;-.-;GEMLIK KORFEZI (MARMARA DENIZI);İlksel
2024.12.01;23:34:35;37.6307;35.8468;10.5;-.-;1.3;-.-;CAMDERE-KOZAN (ADANA);İlksel
2024.12.01;23:28:54;40.3955;28.8605;7.7;-.-;2.5;-.-;MUDANYA (BURSA);İlksel
2024.12.01;22:54:48;38.1065;36.6807;5.0;-.-;2.0;-.-;KARAOMER-GOKSUN (KAHRAMANMARAS);İlksel
2024.12.01;22:08:49;36.0257;27.2298;7.1;-.-;2.5;-.-;AKDENIZ;İlksel
2024.12.01;20:52:22;35.5700;26.3955;8.8;-.-;2.2;-.-;AKDENIZ;İlksel
2024.12.01;20:33:22;35.9070;31.7267;10.9;-.-;3.0;3.0;AKDENIZ;İlksel
2024.12.01;20:23:27;36.2912;30.0298;22.9;-.-;2.0;-.-;KOSKERLER-DEMRE (ANTALYA);İlksel
2024.12.01;20:15:35;37.8275;27.0003;11.8;-.-;1.7;-.-;KUSADASI KORFEZI (EGE DENIZI);İlksel
2024.12.01;19:59:26;34.9302;24.8740;56.6;-.-;2.8;-.-;GIRIT ADASI ACIKLARI (AKDENIZ);İlksel
2024.12.01;19:36:14;38.4883;39.1755;12.5;-.-;1.3;-.-;DEDEPINARI-(ELAZIG);İlksel
2024.12.01;19:27:35;36.9085;28.1817;12.3;-.-;1.2;-.-;KARACA-MARMARIS (MUGLA);İlksel
2024.12.01;18:54:55;37.6067;37.2818;10.1;-.-;1.6;-.-;BUYUKNACAR-PAZARCIK (KAHRAMANMARAS);İlksel
2024.12.01;18:44:51;38.3632;38.9333;21.1;-.-;1.7;-.-;GELINDERE-SIVRICE (ELAZIG);İlksel
2024.12.01;18:12:47;38.1903;42.5613;7.6;-.-;1.4;-.-;URUNVEREN-HIZAN (BITLIS);İlksel
2024.12.01;17:53:32;37.6078;35.8883;3.9;-.-;2.0;-.-;KARABUCAK-KOZAN (ADANA);İlksel
2024.12.01;17:51:10;37.6183;35.8243;3.2;-.-;1.3;-.-;CAMDERE-KOZAN (ADANA);İlksel
2024.12.01;17:47:40;40.2118;31.7232;5.3;-.-;2.1;-.-;SEKLI-BEYPAZARI (ANKARA);İlksel
2024.12.01;17:21:42;37.6337;35.8872;5.0;-.-;2.4;-.-;KARABUCAK-KOZAN (ADANA);İlksel
2024.12.01;15:40:27;38.3267;37.3132;5.0;-.-;1.9;-.-;BUYUKYAPALAK-ELBISTAN (KAHRAMANMARAS);İlksel
2024.12.01;13:31:29;37.7680;37.7707;15.2;-.-;1.9;-.-;AKPINAR-BESNI (ADIYAMAN);İlksel
2024.12.01;13:22:05;39.6727;28.0863;12.4;-.-;1.8;-.-;SARACKOY-KEPSUT (BALIKESIR);İlksel
2024.12.01;13:16:42;37.5405;35.7850;5.0;-.-;1.7;-.-;ANDIL-KOZAN (ADANA);İlksel
2024.12.01;12:53:04;37.6207;35.8712;5.0;-.-;2.5;-.-;KARABUCAK-KOZAN (ADANA);İlksel
2024.12.01;11:40:39;40.8648;28.2618;1.2;-.-;2.2;-.-;SILIVRI ACIKLARI-ISTANBUL (MARMARA DENIZI);İlksel
2024.12.01;11:00:55;36.6357;36.4322;11.0;-.-;1.8;-.-;DEDECINAR-KIRIKHAN (HATAY);İlksel
2024.12.01;10:10:20;37.7622;36.2143;16.7;-.-;1.8;-.-;HALILBEYLI-SAIMBEYLI (ADANA);İlksel
2024.12.01;10:02:54;40.8145;27.8343;15.7;-.-;2.6;-.-;MARMARA DENIZI;İlksel
2024.12.01;09:20:32;38.0782;30.7803;24.4;-.-;1.4;-.-;AKKECILI-SENIRKENT (ISPARTA);İlksel
2024.12.01;08:42:51;38.2277;37.6603;29.0;-.-;1.6;-.-;GUNALTI-ELBISTAN (KAHRAMANMARAS);İlksel
2024.12.01;07:59:19;38.3338;37.3698;8.0;-.-;1.9;-.-;INCECIK-ELBISTAN (KAHRAMANMARAS);İlksel
2024.12.01;07:49:47;38.2907;42.3720;5.3;-.-;1.9;-.-;COKEKYAZI-HIZAN (BITLIS);İlksel
2024.12.01;07:09:35;38.0333;36.6540;17.6;-.-;1.3;-.-;AHMETCIK-GOKSUN (KAHRAMANMARAS);İlksel
2024.12.01;06:14:50;38.9503;26.2713;9.1;-.-;3.4;3.3;MIDILLI ADASI GUNEYI (EGE DENIZI);İlksel
2024.12.01;05:56:38;38.3053;38.7690;5.4;-.-;1.9;-.-;KARSIYAKA-PUTURGE (MALATYA);İlksel
2024.12.01;05:44:03;36.5420;25.5022;25.2;-.-;2.7;-.-;AKDENIZ;İlksel
2024.12.01;05:36:27;40.1687;31.7335;5.0;-.-;2.3;-.-;SEKLI-BEYPAZARI (ANKARA);İlksel
2024.12.01;05:26:16;40.1943;28.9507;9.1;-.-;1.5;-.-;NILUFER (BURSA);İlksel
2024.12.01;05:18:51;40.7413;32.8567;6.3;-.-;1.6;-.-;YAKUPLAR-CERKES (CANKIRI);İlksel
2024.12.01;04:40:54;36.9333;27.7173;8.2;-.-;1.5;-.-;GOKOVA KORFEZI (AKDENIZ);İlksel
2024.12.01;04:33:01;36.9185;27.7180;10.3;-.-;1.6;-.-;GOKOVA KORFEZI (AKDENIZ);İlksel
2024.12.01;04:04:23;38.7395;39.9648;6.4;-.-;2.0;-.-;SENOVA-KOVANCILAR (ELAZIG);İlksel
2024.12.01;03:51:36;38.7185;39.9455;2.7;-.-;2.0;-.-;SARAYBAHCE-KOVANCILAR (ELAZIG);İlksel
2024.12.01;03:36:13;40.7103;32.8545;2.2;-.-;2.4;-.-;YAKUPLAR-CERKES (CANKIRI);İlksel
2024.12.01;03:18:51;38.7220;39.9387;3.5;-.-;2.9;-.-;SARAYBAHCE-KOVANCILAR (ELAZIG);İlksel
2024.12.01;03:09:04;40.7917;27.7148;10.0;-.-;1.8;-.-;MARMARA DENIZI;İlksel
2024.12.01;03:06:35;40.7168;32.8625;6.3;-.-;2.4;-.-;YAKUPLAR-CERKES (CANKIRI);İlksel
2024.12.01;02:07:09;40.0772;36.3078;5.4;-.-;1.9;-.-;SALUR-ARTOVA (TOKAT);İlksel
2024.12.01;02:00:44;38.0218;37.8000;17.4;-.-;1.2;-.-;KADILI-DOGANSEHIR (MALATYA);İlksel
2024.12.01;01:34:31;38.4915;38.9277;4.5;-.-;1.7;-.-;KOCHARMANI-(ELAZIG);İlksel
2024.12.01;01:23:59;40.4045;28.8318;9.7;-.-;2.0;-.-;KUMYAKA-MUDANYA (BURSA);İlksel
2024.12.01;01:09:52;39.0840;39.0208;3.6;-.-;2.0;-.-;TORATLI-CEMISGEZEK (TUNCELI);İlksel
2024.12.01;00:53:06;40.1918;28.9692;11.4;-.-;2.7;-.-;NILUFER (BURSA);İlksel
2024.11.30;22:13:07;40.3617;24.1512;10.8;-.-;3.1;-.-;YUNANISTAN;İlksel
2024.11.30;22:11:32;39.0832;38.9993;8.1;-.-;1.8;-.-;PASACIK-CEMISGEZEK (TUNCELI);İlksel
2024.11.30;22:02:21;38.3935;38.6945;5.0;-.-;1.6;-.-;DARIPINAR-KALE (MALATYA);İlksel
2024.11.30;20:30:44;38.1330;36.5972;6.8;-.-;1.2;-.-;KANLIKAVAK-GOKSUN (KAHRAMANMARAS);İlksel
2024.11.30;20:11:08;38.0595;37.6777;7.6;-.-;1.4;-.-;BEGRE-DOGANSEHIR (MALATYA);İlksel
2024.11.30;20:06:31;38.0760;36.6242;5.4;-.-;1.3;-.-;GUCUKSU-GOKSUN (KAHRAMANMARAS);İlksel
2024.11.30;19:02:59;38.1828;38.6873;5.0;-.-;1.6;-.-;KORME-PUTURGE (MALATYA);İlksel
2024.11.30;18:15:14;37.4098;30.7313;5.0;-.-;1.8;-.-;DUTALANI-BUCAK (BURDUR);İlksel
2024.11.30;17:43:27;38.5190;39.3222;11.5;-.-;2.7;-.-;GUNEYKOY-SIVRICE (ELAZIG);İlksel
2024.11.30;17:03:45;40.3175;26.9847;15.4;-.-;1.5;-.-;DOGANDERE-LAPSEKI (CANAKKALE);İlksel
2024.11.30;17:01:48;38.3395;38.8135;4.9;-.-;2.2;-.-;AKUSAGI-KALE (MALATYA);İlksel
2024.11.30;16:56:04;36.3922;32.1977;38.7;-.-;1.7;-.-;YESILOZ-ALANYA (ANTALYA);İlksel
2024.11.30;16:44:35;37.7815;36.5627;19.8;-.-;1.4;-.-;KAYNAR-(KAHRAMANMARAS);İlksel
2024.11.30;14:37:24;38.4463;39.1627;15.9;-.-;1.5;-.-;KAVAKKOY-SIVRICE (ELAZIG);İlksel
2024.11.30;14:22:57;37.4060;35.3427;16.2;-.-;1.6;-.-;KUSCUSOFULU-KARAISALI (ADANA);İlksel
2024.11.30;13:57:38;38.0612;32.4358;0.0;-.-;1.3;-.-;SIZMA-SELCUKLU (KONYA);İlksel
2024.11.30;13:45:11;36.3888;36.2587;9.3;-.-;3.3;3.2;OVAKENT-(HATAY);İlksel
2024.11.30;13:05:26;35.3735;27.4272;7.4;-.-;2.5;-.-;AKDENIZ;İlksel
2024.11.30;12:55:31;40.2867;24.1058;4.9;-.-;2.4;-.-;YUNANISTAN;İlksel
2024.11.30;12:49:40;37.7940;27.0172;6.3;-.-;1.9;-.-;KUSADASI KORFEZI (EGE DENIZI);İlksel
2024.11.30;12:44:58;39.5875;29.7127;0.0;-.-;1.9;-.-;SENLIK-TAVSANLI (KUTAHYA);İlksel
2024.11.30;12:28:16;38.9008;38.0212;15.0;-.-;1.3;-.-;KARAKOCEK-HEKIMHAN (MALATYA);İlksel
2024.11.30;12:26:58;39.9147;30.4110;7.2;-.-;1.9;-.-;KARACOBANPINARI-TEPEBASI (ESKISEHIR);İlksel
2024.11.30;12:18:32;39.7443;44.2072;5.0;-.-;2.3;-.-;KARAGUNEY-(IGDIR);İlksel
2024.11.30;12:13:24;37.9828;36.5262;14.4;-.-;1.5;-.-;KIRECKOY-GOKSUN (KAHRAMANMARAS);İlksel
2024.11.30;12:06:35;38.3723;37.6308;3.3;-.-;1.5;-.-;KOZLUCA-AKCADAG (MALATYA);İlksel
2024.11.30;11:41:45;40.0130;27.0192;4.9;-.-;1.1;-.-;CEKICLER-CAN (CANAKKALE);İlksel
2024.11.30;11:32:08;37.9895;27.6900;8.5;-.-;1.8;-.-;AKMESCIT-TIRE (IZMIR);İlksel
2024.11.30;10:55:25;35.9918;27.2763;5.7;-.-;2.1;-.-;AKDENIZ;İlksel
2024.11.30;10:37:11;37.9130;27.6185;8.7;-.-;2.4;-.-;DAGKARAAGAC-GERMENCIK (AYDIN);İlksel
2024.11.30;09:24:22;37.8293;27.0175;6.9;-.-;2.2;-.-;KUSADASI KORFEZI (EGE DENIZI);İlksel
2024.11.30;09:04:47;40.0262;26.9793;6.3;-.-;1.2;-.-;KULFAL-CAN (CANAKKALE);İlksel
2024.11.30;08:50:20;40.2205;31.7412;7.6;-.-;2.0;-.-;HIRKATEPE-BEYPAZARI (ANKARA);İlksel
2024.11.30;08:43:38;37.9783;36.5985;8.5;-.-;1.4;-.-;KURUCAOVA-(KAHRAMANMARAS);İlksel
2024.11.30;08:42:09;40.2298;24.0747;4.4;-.-;2.0;-.-;YUNANISTAN;İlksel
2024.11.30;08:39:28;40.1838;31.7627;6.5;-.-;1.9;-.-;HIRKATEPE-BEYPAZARI (ANKARA);İlksel
2024.11.30;08:36:53;40.3100;24.1403;7.4;-.-;2.5;-.-;YUNANISTAN;İlksel
2024.11.30;08:15:37;40.3187;34.3560;2.4;-.-;2.6;-.-;IKIZLI-SUNGURLU (CORUM);İlksel
2024.11.30;07:58:07;36.6163;36.3208;3.6;-.-;1.8;-.-;KALEDIBI-ISKENDERUN (HATAY);İlksel
2024.11.30;07:41:55;40.3093;24.0912;7.4;-.-;3.2;3.1;YUNANISTAN;İlksel
2024.11.30;07:41:12;38.3140;37.3648;5.3;-.-;1.5;-.-;AKSAKAL-ELBISTAN (KAHRAMANMARAS);İlksel
2024.11.30;06:59:52;35.0858;25.9485;3.3;-.-;2.5;-.-;GIRIT ADASI (AKDENIZ);İlksel
2024.11.30;06:49:43;40.3477;30.1607;3.3;-.-;1.6;-.-;SOGUCAKPINAR-OSMANELI (BILECIK);İlksel
2024.11.30;06:21:03;38.3840;37.3893;5.5;-.-;1.7;-.-;YALINTAS-ELBISTAN (KAHRAMANMARAS);İlksel
2024.11.30;06:16:26;38.3673;37.6310;4.6;-.-;1.6;-.-;DARICA-AKCADAG (MALATYA);İlksel
2024.11.30;05:24:35;37.8075;27.0063;4.8;-.-;1.6;-.-;KUSADASI KORFEZI (EGE DENIZI);İlksel
2024.11.30;05:16:43;36.6162;25.4425;8.4;-.-;3.2;3.0;AKDENIZ;İlksel
2024.11.30;05:08:20;37.6502;36.0305;11.6;-.-;1.0;-.-;BOZTAHTA-KOZAN (ADANA);İlksel
2024.11.30;04:50:02;37.8237;26.9830;8.5;-.-;1.6;-.-;KUSADASI KORFEZI (EGE DENIZI);İlksel
2024.11.30;04:43:32;37.7777;27.0020;14.0;-.-;1.6;-.-;KUSADASI KORFEZI (EGE DENIZI);İlksel
2024.11.30;04:39:03;37.7812;27.0407;18.7;-.-;1.3;-.-;KUSADASI KORFEZI (EGE DENIZI);İlksel
2024.11.30;04:37:12;37.8033;27.0153;7.8;-.-;2.0;-.-;KUSADASI KORFEZI (EGE DENIZI);İlksel
2024.11.30;04:36:18;38.3857;37.5008;5.0;-.-;1.8;-.-;SUGUL-DARENDE (MALATYA);İlksel
2024.11.30;04:32:01;35.9777;27.1633;5.3;-.-;2.2;-.-;AKDENIZ;İlksel
2024.11.30;04:08:07;38.7310;42.4008;21.7;-.-;1.8;-.-;YENIKOPRU-AHLAT (BITLIS);İlksel
2024.11.30;03:32:58;37.8085;27.0180;5.0;-.-;1.6;-.-;KUSADASI KORFEZI (EGE DENIZI);İlksel
2024.11.30;03:28:18;37.8202;27.0038;7.9;-.-;2.1;-.-;KUSADASI KORFEZI (EGE DENIZI);İlksel
2024.11.30;03:13:06;37.7827;27.0040;14.1;-.-;1.7;-.-;KUSADASI KORFEZI (EGE DENIZI);İlksel
2024.11.30;03:10:15;37.7833;36.2037;4.8;-.-;1.9;-.-;HALILBEYLI-SAIMBEYLI (ADANA);İlksel
2024.11.30;03:02:51;37.8150;26.9913;11.6;-.-;2.2;-.-;KUSADASI KORFEZI (EGE DENIZI);İlksel
2024.11.30;02:58:20;37.7972;27.0058;10.6;-.-;3.5;3.4;KUSADASI KORFEZI (EGE DENIZI);İlksel
2024.11.30;02:52:06;37.6918;36.5525;4.7;-.-;1.2;-.-;CINARPINAR-(KAHRAMANMARAS);İlksel
2024.11.30;02:47:23;38.1982;37.2617;28.7;-.-;1.0;-.-;CICEKKOY-ELBISTAN (KAHRAMANMARAS);İlksel
2024.11.30;02:14:38;38.3640;37.5948;5.0;-.-;2.1;-.-;YUKARIULUPINAR-DARENDE (MALATYA);İlksel
2024.11.30;02:05:15;36.0430;27.1583;6.1;-.-;3.3;3.2;AKDENIZ;İlksel
2024.11.30;01:41:03;37.9727;36.1920;17.6;-.-;1.8;-.-;KALEBOYNU-GOKSUN (KAHRAMANMARAS);İlksel
2024.11.30;00:57:46;37.8537;36.2845;13.4;-.-;1.3;-.-;TOPALLAR-SAIMBEYLI (ADANA);İlksel
2024.11.30;00:38:31;38.1625;37.8367;5.3;-.-;2.2;-.-;POLAT-DOGANSEHIR (MALATYA);İlksel
2024.11.29;23:32:16;35.9137;31.7028;13.5;-.-;2.7;-.-;AKDENIZ;İlksel
2024.11.29;23:22:26;37.4102;27.6447;5.2;-.-;1.2;-.-;HACIAHMETLER-MILAS (MUGLA);İlksel
2024.11.29;23:14:46;37.8792;29.2882;5.0;-.-;2.2;-.-;KARAPINAR-CAL (DENIZLI);İlksel
2024.11.29;22:22:39;35.8295;31.6977;8.1;-.-;2.0;-.-;AKDENIZ;İlksel
2024.11.29;22:13:12;35.8463;31.6730;9.8;-.-;5.2;-.-;AKDENIZ;İlksel
2024.11.29;21:53:54;39.3428;40.5375;5.0;-.-;1.8;-.-;SENKOY-YEDISU (BINGOL);İlksel
2024.11.29;21:23:05;37.8253;26.8478;5.5;-.-;1.9;-.-;SISAM ADASI (EGE DENIZI);İlksel
2024.11.29;21:07:08;37.8217;26.8448;2.9;-.-;1.6;-.-;SISAM ADASI (EGE DENIZI);İlksel
2024.11.29;20:52:36;37.7642;27.3223;13.0;-.-;1.6;-.-;CAFERLI-KUSADASI (AYDIN);İlksel
2024.11.29;20:46:48;37.8622;29.6258;10.0;-.-;1.6;-.-;TUTLUCA-BOZKURT (DENIZLI);İlksel
2024.11.29;20:44:46;37.8825;29.6100;9.0;-.-;2.2;-.-;ARMUTALANI-BOZKURT (DENIZLI);İlksel
2024.11.29;20:21:40;38.2443;42.4168;12.4;-.-;1.7;-.-;SUTTASI-HIZAN (BITLIS);İlksel
2024.11.29;20:01:48;39.2935;41.4157;6.3;-.-;2.0;-.-;YARLISU-VARTO (MUS);İlksel
2024.11.29;19:49:07;38.4800;28.2940;29.2;-.-;1.2;-.-;YESILOVA-SALIHLI (MANISA);İlksel
2024.11.29;19:33:33;38.4350;39.2183;5.0;-.-;3.2;3.1;KURKKOY-SIVRICE (ELAZIG);İlksel
2024.11.29;19:11:48;37.6285;29.5887;9.4;-.-;2.9;-.-;SOGUTKOY-CARDAK (DENIZLI);İlksel
2024.11.29;19:07:02;40.1903;31.7087;8.4;-.-;2.2;-.-;SEKLI-BEYPAZARI (ANKARA);İlksel
2024.11.29;18:38:48;39.2475;41.4470;5.8;-.-;1.9;-.-;SEKI-VARTO (MUS);İlksel
2024.11.29;18:34:21;39.7915;34.3245;9.4;-.-;1.4;-.-;SULEYMANLI-YERKOY (YOZGAT);İlksel
2024.11.29;18:02:29;38.9758;30.2088;7.1;-.-;1.6;-.-;AYDINLAR-ALTINTAS (KUTAHYA);İlksel
2024.11.29;17:40:51;39.0420;29.7475;8.1;-.-;3.4;-.-;TOKUL-ASLANAPA (KUTAHYA);İlksel
2024.11.29;17:18:43;38.4172;37.5945;7.3;-.-;1.6;-.-;ASAGIULUPINAR-DARENDE (MALATYA);İlksel
2024.11.29;16:52:54;40.2240;31.7365;14.7;-.-;2.0;-.-;HIRKATEPE-BEYPAZARI (ANKARA);İlksel
2024.11.29;16:36:00;38.0400;36.5973;5.4;-.-;1.8;-.-;SARAYCIK-GOKSUN (KAHRAMANMARAS);İlksel
2024.11.29;16:28:04;38.3787;37.6173;5.0;-.-;2.3;-.-;YUKARIULUPINAR-DARENDE (MALATYA);İlksel
2024.11.29;16:07:25;39.4732;31.3873;21.4;-.-;1.2;-.-;KERTEK-SIVRIHISAR (ESKISEHIR);İlksel
2024.11.29;15:26:52;38.2587;42.3823;7.1;-.-;3.7;-.-;ICLIKAVAL-HIZAN (BITLIS);İlksel
2024.11.29;15:20:22;39.1972;29.4403;7.9;-.-;1.7;-.-;PUSATLAR-CAVDARHISAR (KUTAHYA);İlksel
2024.11.29;15:10:20;36.6222;27.8910;23.3;-.-;1.6;-.-;BOZBURUN ACIKLARI-MUGLA (AKDENIZ);İlksel
2024.11.29;15:09:25;38.4262;39.1452;17.4;-.-;1.6;-.-;KAVAKKOY-SIVRICE (ELAZIG);İlksel
2024.11.29;15:07:56;38.1520;36.5997;4.3;-.-;1.5;-.-;YENIYAPAN-GOKSUN (KAHRAMANMARAS);İlksel
2024.11.29;15:04:13;37.6860;35.8780;10.0;-.-;3.0;-.-;CULLUUSAGI-KOZAN (ADANA);İlksel
2024.11.29;15:02:04;38.2863;40.8555;21.6;-.-;1.7;-.-;KOCBABA-HAZRO (DIYARBAKIR);İlksel
2024.11.29;15:00:56;36.1037;33.5403;0.0;-.-;1.3;-.-;YANISLI-GULNAR (MERSIN);İlksel
2024.11.29;14:03:52;37.7915;36.4103;9.9;-.-;1.9;-.-;GEBEN-ANDIRIN (KAHRAMANMARAS);İlksel
2024.11.29;13:42:26;39.6275;29.4893;0.0;-.-;1.4;-.-;TUNCBILEK-TAVSANLI (KUTAHYA);İlksel
2024.11.29;13:26:08;39.7843;33.3353;3.7;-.-;2.3;-.-;BEDESTEN-YAHSIHAN (KIRIKKALE);İlksel
2024.11.29;13:22:14;40.2425;24.0797;9.8;-.-;2.3;-.-;YUNANISTAN;İlksel
2024.11.29;12:24:26;39.1040;27.5248;0.0;-.-;1.7;-.-;DEREKOY-SOMA (MANISA);İlksel
2024.11.29;12:12:03;39.3387;29.3340;0.0;-.-;1.3;-.-;GURPINAR-EMET (KUTAHYA);İlksel
2024.11.29;12:01:05;38.6257;39.7315;8.3;-.-;1.9;-.-;GUMUSKAYNAK-PALU (ELAZIG);İlksel
2024.11.29;11:27:14;38.3920;38.7042;26.7;-.-;2.2;-.-;DARIPINAR-KALE (MALATYA);İlksel
2024.11.29;11:02:33;38.3572;38.7923;5.0;-.-;1.6;-.-;CANAKCI-KALE (MALATYA);İlksel
2024.11.29;09:47:43;40.0728;42.8173;3.7;-.-;1.7;-.-;YARKAYA-SARIKAMIS (KARS);İlksel
2024.11.29;09:43:17;37.7742;26.8947;16.8;-.-;1.3;-.-;SISAM ADASI (EGE DENIZI);İlksel
2024.11.29;09:22:40;37.8822;29.2548;8.5;-.-;1.9;-.-;IRLIGANLI-(DENIZLI);İlksel
2024.11.29;08:46:53;37.9657;27.3768;13.4;-.-;1.3;-.-;SELCUK (IZMIR);İlksel
2024.11.29;08:27:11;38.0155;37.3598;5.0;-.-;1.5;-.-;BARIS-NURHAK (KAHRAMANMARAS);İlksel
2024.11.29;08:23:43;38.0345;29.0460;1.9;-.-;2.3;-.-;BELENARDIC-AKKOY (DENIZLI);İlksel
2024.11.29;08:21:56;37.0657;28.8040;8.2;-.-;1.6;-.-;YAYLA-KOYCEGIZ (MUGLA);İlksel
2024.11.29;07:50:18;38.7847;37.4205;4.3;-.-;1.0;-.-;YUVA-GURUN (SIVAS);İlksel
2024.11.29;07:06:55;36.9657;28.0113;10.7;-.-;1.5;-.-;GOKOVA KORFEZI (AKDENIZ);İlksel
2024.11.29;07:06:23;38.0645;37.8383;11.2;-.-;1.3;-.-;GUNEDOGRU-DOGANSEHIR (MALATYA);İlksel
2024.11.29;06:29:53;37.8792;26.9370;7.5;-.-;1.1;-.-;KUSADASI KORFEZI (EGE DENIZI);İlksel
2024.11.29;06:14:57;40.2963;26.9827;14.9;-.-;1.2;-.-;CATALTEPE-LAPSEKI (CANAKKALE);İlksel
2024.11.29;06:13:15;40.2795;26.9847;13.1;-.-;1.7;-.-;CATALTEPE-LAPSEKI (CANAKKALE);İlksel
2024.11.29;06:07:24;39.2745;29.2612;17.1;-.-;1.0;-.-;IGDEKOY-EMET (KUTAHYA);İlksel
2024.11.29;05:55:50;40.7038;30.5367;12.3;-.-;1.4;-.-;TEKETABAN-KARAPURCEK (SAKARYA);İlksel
2024.11.29;05:54:40;37.8363;29.3058;14.1;-.-;1.3;-.-;GURLEYIK-HONAZ (DENIZLI);İlksel
2024.11.29;05:49:00;38.3835;36.7623;26.9;-.-;0.9;-.-;INCIRLI-AFSIN (KAHRAMANMARAS);İlksel
2024.11.29;05:36:17;37.3272;36.2845;4.9;-.-;1.5;-.-;CERCIOGLU-DUZICI (OSMANIYE);İlksel
2024.11.29;05:15:28;37.8268;29.3543;15.2;-.-;1.1;-.-;DERECIFTLIK-HONAZ (DENIZLI);İlksel
2024.11.29;05:14:41;37.8742;29.2707;9.1;-.-;1.3;-.-;GURLEYIK-HONAZ (DENIZLI);İlksel